{"cameraMode":{"drawMode":0,"name":"Shaded","section":"Shading Mode"},"sceneLighting":true,"audioPlay":false,"sceneViewState":{"showFog":true,"showMaterialUpdate":false,"showSkybox":true,"showFlares":true,"showImageEffects":true,"showParticleSystems":true,"showVisualEffectGraphs":true,"m_FxEnabled":true},"in2DMode":false,"pivot":{"x":0.5336900353431702,"y":-10.431609153747559,"z":14.997570991516114},"rotation":{"x":-0.3873801827430725,"y":0.010233492590487004,"z":-0.004295042250305414,"w":-0.92186439037323},"size":13.581060409545899,"orthographic":false}